State,Objective 0,Objective 1
0,0.5404934890813947,0.0
1,0.0,0.0
2,0.0,0.0
3,0.6852195003967595,0.0
4,0.4645689003535835,0.0
