{"states": 10, "objectives": 2, "actions": 2, "successors": 4, "seed": 3, "transition": [[[0.0, 0.0, 0.0, 0.36435191685737794, 0.2771883373844839, 0.08505910787722956, 0.0, 0.2734006378809086, 0.0, 0.0], [0.0, 0.0, 0.0, 0.3763132884903269, 0.03720694455914783, 0.40137315292799275, 0.0, 0.18510661402253245, 0.0, 0.0]], [[0.0, 0.38636567723613996, 0.34237414660171794, 0.0, 0.271260176162142, 0.0, 0.0, 0.0, 0.0, 0.0], [0.0, 0.5115836571044523, 0.2966547017724844, 0.0, 0.1917616411230632, 0.0, 0.0, 0.0, 0.0, 0.0]], [[0.7615592619059485, 0.0, 0.0, 0.0, 0.0, 0.0, 0.0, 0.1902132767317877, 0.04822746136226396, 0.0], [0.3504242287534867, 0.0, 0.0, 0.0, 0.0, 0.0, 0.0, 0.3148646604998561, 0.33471111074665727, 0.0]], [[0.3800853750300769, 0.0, 0.19122000806052447, 0.13860869512978452, 0.0, 0.0, 0.0, 0.0, 0.2900859217796141, 0.0], [0.30358380066096485, 0.0, 0.5224184841654328, 0.07094361577115835, 0.0, 0.0, 0.0, 0.0, 0.10305409940244399, 0.0]], [[0.0, 0.26352923824852, 0.0, 0.0, 0.0, 0.0, 0.09574554108840824, 0.3362422655116429, 0.0, 0.30448295515142904], [0.0, 0.24210630349618611, 0.0, 0.0, 0.0, 0.0, 0.17607838709972745, 0.3087543401206109, 0.0, 0.27306096928347545]], [[0.0, 0.0, 0.11522260987027655, 0.0, 0.33164696714239345, 0.4353233107692798, 0.0, 0.0, 0.0, 0.11780711221805014], [0.0, 0.0, 0.2700124375327828, 0.0, 0.2490596844477214, 0.17248197320588904, 0.0, 0.0, 0.0, 0.30844590481360684]], [[0.0, 0.24149556716902287, 0.0, 0.0, 0.40357753031452676, 0.0, 0.0, 0.0, 0.3549269025164504, 0.0], [0.0, 0.8624114164751232, 0.0, 0.0, 0.03356423213651175, 0.0, 0.0, 0.0, 0.104024351388365, 0.0]], [[0.0, 0.1335763345988074, 0.0, 0.31705878926808767, 0.0, 0.0, 0.31652388473675697, 0.0, 0.0, 0.23284099139634784], [0.0, 0.04614484364764407, 0.0, 0.03798538888360708, 0.0, 0.0, 0.6293118020158298, 0.0, 0.0, 0.28655796545291884]], [[0.0, 0.0, 0.0, 0.0, 0.0, 0.33594354596075815, 0.3335921370465485, 0.0530592339665659, 0.27740508302612743, 0.0], [0.0, 0.0, 0.0, 0.0, 0.0, 0.3194033091600108, 0.15351170414273352, 0.3145806362356414, 0.2125043504616143, 0.0]], [[0.0, 0.0, 0.0, 0.0, 0.3474688075485334, 0.30028140536999187, 0.0, 0.0, 0.06526085713914408, 0.2869889299423306], [0.0, 0.0, 0.0, 0.0, 0.09061699560386895, 0.20389999114268154, 0.0, 0.0, 0.23332556107845606, 0.47215745217499344]]], "reward": [[[0.5507979025745755, 0.7081478226181048], [0.2909047389129443, 0.510827605197663]], [[0.8929469543476547, 0.8962930889334381], [0.12558531046383625, 0.20724287813818676]], [[0.05146720330082988, 0.44080984365063647], [0.029876210878566956, 0.4568332243947111]], [[0.6491440476147607, 0.2784872826479753], [0.6762549019801313, 0.5908628174163508]], [[0.023981882377165364, 0.558854087990882], [0.2592524469074654, 0.41510119701006964]], [[0.28352508177131874, 0.6931379183129963], [0.4404537176707395, 0.15686773847496327]], [[0.5446490180318447, 0.780314764511367], [0.30636353237617975, 0.2219578839321814]], [[0.38797125755564876, 0.9363836498604304], [0.9759954224729338, 0.6723836759128137]], [[0.9028341085383981, 0.8457508712931793], [0.37799404132888914, 0.09221700887172424]], [[0.6534109025235362, 0.5578407623884509], [0.3615647630625781, 0.22505450483983191]]], "epsilon": 0.1, "gamma": 0.8}