{"states": 10, "objectives": 2, "actions": 2, "successors": 4, "seed": 42, "transition": [[[0.29665937479490717, 0.0, 0.1778075351372475, 0.0, 0.0, 0.0, 0.14761435893911878, 0.3779187311287266, 0.0, 0.0], [0.3130228161173076, 0.0, 0.3915485211049045, 0.0, 0.0, 0.0, 0.22077866667837767, 0.07464999609941027, 0.0, 0.0]], [[0.0, 0.19690959744539333, 0.0, 0.3317836718105102, 0.0, 0.0, 0.0, 0.2915217403173774, 0.0, 0.17978499042671897], [0.0, 0.263231836433229, 0.0, 0.20667393366229567, 0.0, 0.0, 0.0, 0.3399961057000738, 0.0, 0.19009812420440145]], [[0.5621493209136799, 0.0, 0.0, 0.0, 0.0, 0.0, 0.020043892695810164, 0.0, 0.41780678639051, 0.0], [0.33753241186638655, 0.0, 0.0, 0.0, 0.0, 0.0, 0.2875285662430202, 0.0, 0.37493902189059336, 0.0]], [[0.0, 0.0, 0.0, 0.0, 0.0, 0.0, 0.6093906105596728, 0.0, 0.06839928288059278, 0.32221010655973437], [0.0, 0.0, 0.0, 0.0, 0.0, 0.0, 0.34725853169024695, 0.0, 0.30699841065926103, 0.34574305765049207]], [[0.5277158967984543, 0.0, 0.38932797142424186, 0.0, 0.0, 0.08295613177730375, 0.0, 0.0, 0.0, 0.0], [0.3036953110988645, 0.0, 0.24839113841660235, 0.0, 0.0, 0.44791355048453313, 0.0, 0.0, 0.0, 0.0]], [[0.12591881537112826, 0.0, 0.256881729456926, 0.0, 0.0, 0.0, 0.45841659668853474, 0.0, 0.0, 0.15878285848341095], [0.05230636338366423, 0.0, 0.5133824201076438, 0.0, 0.0, 0.0, 0.15546393873852365, 0.0, 0.0, 0.27884727777016843]], [[0.0, 0.27961390850082374, 0.2592907819509111, 0.0, 0.0, 0.20323179500157704, 0.0, 0.0, 0.0, 0.2578635145466881], [0.0, 0.22232560917465824, 0.07690720060839745, 0.0, 0.0, 0.36792727815790405, 0.0, 0.0, 0.0, 0.33283991205904023]], [[0.5678490643281465, 0.0, 0.0, 0.0, 0.0, 0.0, 0.28177546244624624, 0.0, 0.15037547322560724, 0.0], [0.300223892640038, 0.0, 0.0, 0.0, 0.0, 0.0, 0.6903788885688165, 0.0, 0.009397218791145493, 0.0]], [[0.0, 0.0, 0.17563034761908755, 0.0, 0.0, 0.05209740395287718, 0.0, 0.32421155179078454, 0.0, 0.44806069663725073], [0.0, 0.0, 0.13298412602994397, 0.0, 0.0, 0.3730402988549038, 0.0, 0.3646781963321769, 0.0, 0.12929737878297523]], [[0.04649343836347179, 0.0, 0.0, 0.0, 0.37528870179900453, 0.0, 0.0, 0.5782178598375237, 0.0, 0.0], [0.3410616914965373, 0.0, 0.0, 0.0, 0.22166682532432258, 0.0, 0.0, 0.43727148317914016, 0.0, 0.0]]], "reward": [[[0.3745401188473625, 0.9507143064099162], [0.7319939418114051, 0.5986584841970366]], [[0.15601864044243652, 0.15599452033620265], [0.05808361216819946, 0.8661761457749352]], [[0.6011150117432088, 0.7080725777960455], [0.020584494295802447, 0.9699098521619943]], [[0.8324426408004217, 0.21233911067827616], [0.18182496720710062, 0.18340450985343382]], [[0.3042422429595377, 0.5247564316322378], [0.43194501864211576, 0.2912291401980419]], [[0.6118528947223795, 0.13949386065204183], [0.29214464853521815, 0.3663618432936917]], [[0.45606998421703593, 0.7851759613930136], [0.19967378215835974, 0.5142344384136116]], [[0.5924145688620425, 0.046450412719997725], [0.6075448519014384, 0.17052412368729153]], [[0.06505159298527952, 0.9488855372533332], [0.9656320330745594, 0.8083973481164611]], [[0.3046137691733707, 0.09767211400638387], [0.6842330265121569, 0.4401524937396013]]], "epsilon": 0.1, "gamma": 0.8}