{"states": 10, "objectives": 2, "actions": 2, "successors": 4, "seed": 1, "transition": [[[0.350947668425042, 0.0, 0.404000791427795, 0.0, 0.045898739550579944, 0.0, 0.0, 0.0, 0.0, 0.19915280059658325], [0.40177910269653183, 0.0, 0.026501580384288553, 0.0, 0.3937893250575338, 0.0, 0.0, 0.0, 0.0, 0.17792999186164588]], [[0.4146451092283088, 0.0, 0.0, 0.19178583364683288, 0.0, 0.0, 0.3550290121286592, 0.0, 0.03854004499619925, 0.0], [0.06653185038507406, 0.0, 0.0, 0.09539432334422787, 0.0, 0.0, 0.38313193576631444, 0.0, 0.4549418905043836, 0.0]], [[0.0, 0.062467222334753665, 0.0, 0.19281407448305216, 0.0, 0.0, 0.0, 0.7447187031821941, 0.0, 0.0], [0.0, 0.39846528078718296, 0.0, 0.24400305926606747, 0.0, 0.0, 0.0, 0.35753165994674957, 0.0, 0.0]], [[0.0, 0.0, 0.0, 0.0, 0.3615873512516785, 0.0, 0.0, 0.6384126487483215, 0.0, 0.0], [0.0, 0.0, 0.0, 0.0, 0.6610245345098494, 0.0, 0.0, 0.33897546549015056, 0.0, 0.0]], [[0.36344484859629245, 0.05384227681528343, 0.0, 0.0, 0.008514417000594932, 0.0, 0.0, 0.0, 0.0, 0.5741984575878292], [0.20408196650229243, 0.5409691271566193, 0.0, 0.0, 0.03679877663294921, 0.0, 0.0, 0.0, 0.0, 0.2181501297081392]], [[0.5601900928012571, 0.0, 0.29175469139124005, 0.0, 0.0, 0.0, 0.0, 0.14805521580750292, 0.0, 0.0], [0.6145050194333027, 0.0, 0.0072397503756277265, 0.0, 0.0, 0.0, 0.0, 0.37825523019106966, 0.0, 0.0]], [[0.3001802467908783, 0.0, 0.0, 0.0, 0.0, 0.0, 0.0, 0.03815731740493711, 0.257248789074074, 0.40441364673011054], [0.13761496575945054, 0.0, 0.0, 0.0, 0.0, 0.0, 0.0, 0.332868915764928, 0.16514908138114767, 0.3643670370944738]], [[0.0, 0.0, 0.09054500838252427, 0.0, 0.0, 0.0, 0.0, 0.42994128121916436, 0.14528850958204817, 0.3342252008162631], [0.0, 0.0, 0.14573442629519145, 0.0, 0.0, 0.0, 0.0, 0.6084892334677104, 0.06422470717184703, 0.18155163306525113]], [[0.23874582049516255, 0.0, 0.0, 0.007935334405444678, 0.34070839287044913, 0.0, 0.0, 0.4126104522289435, 0.0, 0.0], [0.3522197455011367, 0.0, 0.0, 0.1692619228370272, 0.3768486362044981, 0.0, 0.0, 0.10166969545733784, 0.0, 0.0]], [[0.04084539103856321, 0.0, 0.2069314807282635, 0.0, 0.0, 0.0, 0.0, 0.09855116958259894, 0.6536719586505745, 0.0], [0.34732162272574363, 0.0, 0.04466225685082207, 0.0, 0.0, 0.0, 0.0, 0.007791372324941384, 0.600224748098493, 0.0]]], "reward": [[[[0.417022004702574, 0.7203244934421581], [0.417022004702574, 0.7203244934421581], [0.417022004702574, 0.7203244934421581], [0.417022004702574, 0.7203244934421581], [0.417022004702574, 0.7203244934421581], [0.417022004702574, 0.7203244934421581], [0.417022004702574, 0.7203244934421581], [0.417022004702574, 0.7203244934421581], [0.417022004702574, 0.7203244934421581], [0.417022004702574, 0.7203244934421581]], [[0.00011437481734488664, 0.30233257263183977], [0.00011437481734488664, 0.30233257263183977], [0.00011437481734488664, 0.30233257263183977], [0.00011437481734488664, 0.30233257263183977], [0.00011437481734488664, 0.30233257263183977], [0.00011437481734488664, 0.30233257263183977], [0.00011437481734488664, 0.30233257263183977], [0.00011437481734488664, 0.30233257263183977], [0.00011437481734488664, 0.30233257263183977], [0.00011437481734488664, 0.30233257263183977]]], [[[0.14675589081711304, 0.0923385947687978], [0.14675589081711304, 0.0923385947687978], [0.14675589081711304, 0.0923385947687978], [0.14675589081711304, 0.0923385947687978], [0.14675589081711304, 0.0923385947687978], [0.14675589081711304, 0.0923385947687978], [0.14675589081711304, 0.0923385947687978], [0.14675589081711304, 0.0923385947687978], [0.14675589081711304, 0.0923385947687978], [0.14675589081711304, 0.0923385947687978]], [[0.1862602113776709, 0.34556072704304774], [0.1862602113776709, 0.34556072704304774], [0.1862602113776709, 0.34556072704304774], [0.1862602113776709, 0.34556072704304774], [0.1862602113776709, 0.34556072704304774], [0.1862602113776709, 0.34556072704304774], [0.1862602113776709, 0.34556072704304774], [0.1862602113776709, 0.34556072704304774], [0.1862602113776709, 0.34556072704304774], [0.1862602113776709, 0.34556072704304774]]], [[[0.39676747423066994, 0.538816734003357], [0.39676747423066994, 0.538816734003357], [0.39676747423066994, 0.538816734003357], [0.39676747423066994, 0.538816734003357], [0.39676747423066994, 0.538816734003357], [0.39676747423066994, 0.538816734003357], [0.39676747423066994, 0.538816734003357], [0.39676747423066994, 0.538816734003357], [0.39676747423066994, 0.538816734003357], [0.39676747423066994, 0.538816734003357]], [[0.4191945144032948, 0.6852195003967595], [0.4191945144032948, 0.6852195003967595], [0.4191945144032948, 0.6852195003967595], [0.4191945144032948, 0.6852195003967595], [0.4191945144032948, 0.6852195003967595], [0.4191945144032948, 0.6852195003967595], [0.4191945144032948, 0.6852195003967595], [0.4191945144032948, 0.6852195003967595], [0.4191945144032948, 0.6852195003967595], [0.4191945144032948, 0.6852195003967595]]], [[[0.20445224973151743, 0.8781174363909454], [0.20445224973151743, 0.8781174363909454], [0.20445224973151743, 0.8781174363909454], [0.20445224973151743, 0.8781174363909454], [0.20445224973151743, 0.8781174363909454], [0.20445224973151743, 0.8781174363909454], [0.20445224973151743, 0.8781174363909454], [0.20445224973151743, 0.8781174363909454], [0.20445224973151743, 0.8781174363909454], [0.20445224973151743, 0.8781174363909454]], [[0.027387593197926163, 0.6704675101784022], [0.027387593197926163, 0.6704675101784022], [0.027387593197926163, 0.6704675101784022], [0.027387593197926163, 0.6704675101784022], [0.027387593197926163, 0.6704675101784022], [0.027387593197926163, 0.6704675101784022], [0.027387593197926163, 0.6704675101784022], [0.027387593197926163, 0.6704675101784022], [0.027387593197926163, 0.6704675101784022], [0.027387593197926163, 0.6704675101784022]]], [[[0.41730480236712697, 0.5586898284457517], [0.41730480236712697, 0.5586898284457517], [0.41730480236712697, 0.5586898284457517], [0.41730480236712697, 0.5586898284457517], [0.41730480236712697, 0.5586898284457517], [0.41730480236712697, 0.5586898284457517], [0.41730480236712697, 0.5586898284457517], [0.41730480236712697, 0.5586898284457517], [0.41730480236712697, 0.5586898284457517], [0.41730480236712697, 0.5586898284457517]], [[0.14038693859523377, 0.1981014890848788], [0.14038693859523377, 0.1981014890848788], [0.14038693859523377, 0.1981014890848788], [0.14038693859523377, 0.1981014890848788], [0.14038693859523377, 0.1981014890848788], [0.14038693859523377, 0.1981014890848788], [0.14038693859523377, 0.1981014890848788], [0.14038693859523377, 0.1981014890848788], [0.14038693859523377, 0.1981014890848788], [0.14038693859523377, 0.1981014890848788]]], [[[0.8007445686755367, 0.9682615757193975], [0.8007445686755367, 0.9682615757193975], [0.8007445686755367, 0.9682615757193975], [0.8007445686755367, 0.9682615757193975], [0.8007445686755367, 0.9682615757193975], [0.8007445686755367, 0.9682615757193975], [0.8007445686755367, 0.9682615757193975], [0.8007445686755367, 0.9682615757193975], [0.8007445686755367, 0.9682615757193975], [0.8007445686755367, 0.9682615757193975]], [[0.31342417815924284, 0.6923226156693141], [0.31342417815924284, 0.6923226156693141], [0.31342417815924284, 0.6923226156693141], [0.31342417815924284, 0.6923226156693141], [0.31342417815924284, 0.6923226156693141], [0.31342417815924284, 0.6923226156693141], [0.31342417815924284, 0.6923226156693141], [0.31342417815924284, 0.6923226156693141], [0.31342417815924284, 0.6923226156693141], [0.31342417815924284, 0.6923226156693141]]], [[[0.8763891522960383, 0.8946066635038473], [0.8763891522960383, 0.8946066635038473], [0.8763891522960383, 0.8946066635038473], [0.8763891522960383, 0.8946066635038473], [0.8763891522960383, 0.8946066635038473], [0.8763891522960383, 0.8946066635038473], [0.8763891522960383, 0.8946066635038473], [0.8763891522960383, 0.8946066635038473], [0.8763891522960383, 0.8946066635038473], [0.8763891522960383, 0.8946066635038473]], [[0.08504421136977791, 0.03905478323288236], [0.08504421136977791, 0.03905478323288236], 