{"states": 10, "objectives": 2, "actions": 2, "successors": 4, "seed": 42, "transition": [[[0.0, 0.0, 0.3244759255243572, 0.0, 0.14941182025904165, 0.14796323540581247, 0.0, 0.3781490188107887, 0.0, 0.0], [0.0, 0.0, 0.17109400142730533, 0.0, 0.4483576602653051, 0.3425786166274373, 0.0, 0.037969721679952224, 0.0, 0.0]], [[0.0, 0.0, 0.0, 0.0, 0.0, 0.2822896874486674, 0.37135605215910045, 0.0, 0.0, 0.34635426039223216], [0.0, 0.0, 0.0, 0.0, 0.0, 0.26763912460721717, 0.3470217958578499, 0.0, 0.0, 0.3853390795349329]], [[0.16300532422472067, 0.0, 0.49555580358667417, 0.0, 0.0, 0.0, 0.21387229764332794, 0.0, 0.12756657454527723, 0.0], [0.006112642525975951, 0.0, 0.4877646062436579, 0.0, 0.0, 0.0, 0.48441707328547623, 0.0, 0.021705677944889912, 0.0]], [[0.0, 0.0, 0.0, 0.0, 0.1929089011261794, 0.8070910988738206, 0.0, 0.0, 0.0, 0.0], [0.0, 0.0, 0.0, 0.0, 0.702957129088256, 0.297042870911744, 0.0, 0.0, 0.0, 0.0]], [[0.0, 0.0, 0.3258779407197273, 0.0, 0.0, 0.0, 0.30525444341995583, 0.0, 0.15623599541952166, 0.21263162044079517], [0.0, 0.0, 0.21627269067465155, 0.0, 0.0, 0.0, 0.1466771067490225, 0.0, 0.3615432763683015, 0.27550692620802447]], [[0.0, 0.3898071667006774, 0.0, 0.12234310343460603, 0.2759536348232861, 0.0, 0.0, 0.0, 0.2118960950414306, 0.0], [0.0, 0.31639687865961424, 0.0, 0.35416107358807586, 0.2662179055789757, 0.0, 0.0, 0.0, 0.06322414217333419, 0.0]], [[0.0, 0.14776553088043554, 0.32953356673305273, 0.0, 0.3059809233009653, 0.21671997908554647, 0.0, 0.0, 0.0, 0.0], [0.0, 0.02094940841269746, 0.29911224080598936, 0.0, 0.6440106644996609, 0.035927686281652244, 0.0, 0.0, 0.0, 0.0]], [[0.3109641670776251, 0.0, 0.0, 0.0, 0.2699916715364172, 0.0, 0.0, 0.0, 0.15026767143473452, 0.2687764899512231], [0.25776002040235224, 0.0, 0.0, 0.0, 0.1698893423328986, 0.0, 0.0, 0.0, 0.5373201020921112, 0.035030535172637864]], [[0.3810624366084508, 0.0, 0.0, 0.0, 0.30300893066797285, 0.31592863272357624, 0.0, 0.0, 0.0, 0.0], [0.45287450119900413, 0.0, 0.0, 0.0, 0.24575801477213596, 0.3013674840288599, 0.0, 0.0, 0.0, 0.0]], [[0.08092418428351042, 0.0, 0.0, 0.4404947540074755, 0.0, 0.0, 0.0, 0.478581061709014, 0.0, 0.0], [0.2748330427819342, 0.0, 0.0, 0.2749092320329373, 0.0, 0.0, 0.0, 0.4502577251851285, 0.0, 0.0]]], "reward": [[[[0.3745401188473625, 0.9507143064099162], [0.3745401188473625, 0.9507143064099162], [0.3745401188473625, 0.9507143064099162], [0.3745401188473625, 0.9507143064099162], [0.3745401188473625, 0.9507143064099162], [0.3745401188473625, 0.9507143064099162], [0.3745401188473625, 0.9507143064099162], [0.3745401188473625, 0.9507143064099162], [0.3745401188473625, 0.9507143064099162], [0.3745401188473625, 0.9507143064099162]], [[0.7319939418114051, 0.5986584841970366], [0.7319939418114051, 0.5986584841970366], [0.7319939418114051, 0.5986584841970366], [0.7319939418114051, 0.5986584841970366], [0.7319939418114051, 0.5986584841970366], [0.7319939418114051, 0.5986584841970366], [0.7319939418114051, 0.5986584841970366], [0.7319939418114051, 0.5986584841970366], [0.7319939418114051, 0.5986584841970366], [0.7319939418114051, 0.5986584841970366]]], [[[0.15601864044243652, 0.15599452033620265], [0.15601864044243652, 0.15599452033620265], [0.15601864044243652, 0.15599452033620265], [0.15601864044243652, 0.15599452033620265], [0.15601864044243652, 0.15599452033620265], [0.15601864044243652, 0.15599452033620265], [0.15601864044243652, 0.15599452033620265], [0.15601864044243652, 0.15599452033620265], [0.15601864044243652, 0.15599452033620265], [0.15601864044243652, 0.15599452033620265]], [[0.05808361216819946, 0.8661761457749352], [0.05808361216819946, 0.8661761457749352], [0.05808361216819946, 0.8661761457749352], [0.05808361216819946, 0.8661761457749352], [0.05808361216819946, 0.8661761457749352], [0.05808361216819946, 0.8661761457749352], [0.05808361216819946, 0.8661761457749352], [0.05808361216819946, 0.8661761457749352], [0.05808361216819946, 0.8661761457749352], [0.05808361216819946, 0.8661761457749352]]], [[[0.6011150117432088, 0.7080725777960455], [0.6011150117432088, 0.7080725777960455], [0.6011150117432088, 0.7080725777960455], [0.6011150117432088, 0.7080725777960455], [0.6011150117432088, 0.7080725777960455], [0.6011150117432088, 0.7080725777960455], [0.6011150117432088, 0.7080725777960455], [0.6011150117432088, 0.7080725777960455], [0.6011150117432088, 0.7080725777960455], [0.6011150117432088, 0.7080725777960455]], [[0.020584494295802447, 0.9699098521619943], [0.020584494295802447, 0.9699098521619943], [0.020584494295802447, 0.9699098521619943], [0.020584494295802447, 0.9699098521619943], [0.020584494295802447, 0.9699098521619943], [0.020584494295802447, 0.9699098521619943], [0.020584494295802447, 0.9699098521619943], [0.020584494295802447, 0.9699098521619943], [0.020584494295802447, 0.9699098521619943], [0.020584494295802447, 0.9699098521619943]]], [[[0.8324426408004217, 0.21233911067827616], [0.8324426408004217, 0.21233911067827616], [0.8324426408004217, 0.21233911067827616], [0.8324426408004217, 0.21233911067827616], [0.8324426408004217, 0.21233911067827616], [0.8324426408004217, 0.21233911067827616], [0.8324426408004217, 0.21233911067827616], [0.8324426408004217, 0.21233911067827616], [0.8324426408004217, 0.21233911067827616], [0.8324426408004217, 0.21233911067827616]], [[0.18182496720710062, 0.18340450985343382], [0.18182496720710062, 0.18340450985343382], [0.18182496720710062, 0.18340450985343382], [0.18182496720710062, 0.18340450985343382], [0.18182496720710062, 0.18340450985343382], [0.18182496720710062, 0.18340450985343382], [0.18182496720710062, 0.18340450985343382], [0.18182496720710062, 0.18340450985343382], [0.18182496720710062, 0.18340450985343382], [0.18182496720710062, 0.18340450985343382]]], [[[0.3042422429595377, 0.5247564316322378], [0.3042422429595377, 0.5247564316322378], [0.3042422429595377, 0.5247564316322378], [0.3042422429595377, 0.5247564316322378], [0.3042422429595377, 0.5247564316322378], [0.3042422429595377, 0.5247564316322378], [0.3042422429595377, 0.5247564316322378], [0.3042422429595377, 0.5247564316322378], [0.3042422429595377, 0.5247564316322378], [0.3042422429595377, 0.5247564316322378]], [[0.43194501864211576, 0.2912291401980419], [0.43194501864211576, 0.2912291401980419], [0.43194501864211576, 0.2912291401980419], [0.43194501864211576, 0.2912291401980419], [0.43194501864211576, 0.2912291401980419], [0.43194501864211576, 0.2912291401980419], [0.43194501864211576, 0.2912291401980419], [0.43194501864211576, 0.2912291401980419], [0.43194501864211576, 0.2912291401980419], [0.43194501864211576, 0.2912291401980419]]], [[[0.6118528947223795, 0.13949386065204183], [0.6118528947223795, 0.13949386065204183], [0.6118528947223795, 0.13949386065204183], [0.6118528947223795, 0.13949386065204183], [0.6118528947223795, 0.13949386065204183], [0.6118528947223795, 0.13949386065204183], [0.6118528947223795, 0.13949386065204183], [0.6118528947223795, 0.13949386065204183], [0.6118528947223795, 0.13949386065204183], [0.6118528947223795, 0.13949386065204183]], [[0.29214464853521815, 0.3663618432936917], [0.29214464853521815, 0.3663618432936917], [0.29214464853521815, 0.3663618432936917], [0.29214464853521815, 0.3663618432936917], [0.29214464853521815, 0.3663618432936917], [0.29214464853521815, 0.3663618432936917], [0.29214464853521815, 0.3663618432936917], [0.29214464853521815, 0.3663618432936917], [0.29214464853521815, 0.3663618432936917], [0.29214464853521815, 0.3663618432936917]]], [[[0.45606998421703593, 0.7851759613930136], [0.45606998421703593, 0.7851759613930136], [0.45606998421703593, 0.7851759613930136], [0.45606998421703593, 0.7851759613930136], [0.45606998421703593, 0.7851759613930136], [0.45606998421703593, 0.7851759613930136], [0.45606998421703593, 0.7851759613930136], [0.45606998421703593, 0.7851759613930136], [0.45606998421703593, 0.7851759613930136], [0.45606998421703593, 0.7851759613930136]], [[0.19967378215835974, 0.5142344384136116], [0.19967378215835974, 0.5142344384136116], [0.19967378215835974, 0.5142344384136116], 